Mission_Title,text_chunk,source_file,source_column,chunk_index,column_chunked,chunk_id,original_row_id
Mission_1,operation intel system system intel assessment network operation response assessment security intel threat system security threat operation threat incident security operation security response intel threat,FFIRs_Friction_Points_Recommendations.csv,FFIR,1,FFIR,a44eaaa3-320f-448b-938b-6b19a5689b4d,0
Mission_1,intel threat incident operation incident cyber response threat cyber security security cyber system cyber response incident security threat cyber system incident network assessment threat assessment,FFIRs_Friction_Points_Recommendations.csv,FFIR,2,FFIR,f99b1697-3a2b-4e0e-93dd-e24d6a3fcd38,0
Mission_1,threat assessment incident operation network response threat response cyber incident operation security response network incident response assessment operation security response response response intel assessment network,FFIRs_Friction_Points_Recommendations.csv,FFIR,3,FFIR,4018f118-7379-41ca-b9da-1cb387d4dc43,0
Mission_1,assessment network network incident network security assessment threat cyber system intel,FFIRs_Friction_Points_Recommendations.csv,FFIR,4,FFIR,d61b06dd-ea1f-4f43-aa65-3bc25a5b8a77,0
Mission_1,network intel network incident network threat cyber network incident security cyber threat assessment system operation assessment operation network network response incident threat security network security,FFIRs_Friction_Points_Recommendations.csv,Friction_Point,1,Friction_Point,50173ffc-f31e-4c60-9cbc-80363270fb7b,0
Mission_1,network security assessment network operation security cyber response network assessment network intel security assessment security operation operation assessment network incident intel assessment security response incident,FFIRs_Friction_Points_Recommendations.csv,Friction_Point,2,Friction_Point,7f11e777-70ae-4dd4-b5ad-7681484aa821,0
Mission_1,response incident cyber cyber intel response operation security response threat assessment system system response response assessment cyber assessment security incident intel system response cyber threat,FFIRs_Friction_Points_Recommendations.csv,Friction_Point,3,Friction_Point,4a339df9-257e-40bc-a9f5-3159ee000a37,0
Mission_1,cyber threat system cyber assessment assessment network incident security cyber response,FFIRs_Friction_Points_Recommendations.csv,Friction_Point,4,Friction_Point,7b57bf55-905c-4496-93a8-61e2208fcdf4,0
Mission_1,operation intel system intel cyber security response cyber network assessment assessment system operation incident cyber security threat cyber system intel response incident intel response cyber,FFIRs_Friction_Points_Recommendations.csv,Recommendation,1,Recommendation,0740cc3f-9d75-49a6-8bac-2d73d4143930,0
Mission_1,response cyber response assessment threat response intel intel operation incident response operation security threat threat network intel response system intel assessment operation system response incident,FFIRs_Friction_Points_Recommendations.csv,Recommendation,2,Recommendation,153bb48a-9f71-45c5-8c45-22f1122e22f0,0
Mission_1,response incident security threat security response security operation cyber operation security operation incident network network security network response response response security response cyber intel intel,FFIRs_Friction_Points_Recommendations.csv,Recommendation,3,Recommendation,767f323e-d0e2-4d16-8a38-cf9cf68ccd8e,0
Mission_1,intel intel incident security network assessment network threat assessment incident cyber,FFIRs_Friction_Points_Recommendations.csv,Recommendation,4,Recommendation,d6d0bd93-cf12-485a-9158-879091ce5953,0
Mission_1,security intel security network cyber system incident security response network incident system incident assessment incident operation system intel system response network security assessment response threat,FFIRs_Friction_Points_Recommendations.csv,Observation,1,Observation,7b599986-2abf-42ef-8f43-d5f0273d9c5f,0
Mission_1,response threat network incident intel assessment system network system operation incident response response intel incident system network cyber network response security response incident security system,FFIRs_Friction_Points_Recommendations.csv,Observation,2,Observation,a501bb92-5186-46e3-93c9-20ca8f248fe4,0
Mission_1,security system intel assessment assessment threat network response operation response security threat assessment cyber system response response threat cyber response response incident operation operation operation,FFIRs_Friction_Points_Recommendations.csv,Observation,3,Observation,856c7886-321c-4b77-a79d-6da8622fef47,0
Mission_1,operation operation security cyber intel assessment operation assessment threat operation intel,FFIRs_Friction_Points_Recommendations.csv,Observation,4,Observation,d7dfdfcb-61f9-40da-b70a-a59c68327173,0
Mission_1,network intel cyber system system incident cyber security intel threat security cyber threat network security cyber response intel security threat cyber cyber operation intel threat,FFIRs_Friction_Points_Recommendations.csv,Action_Item,1,Action_Item,deead589-92a7-49d7-824f-8e0fb66a98ef,0
Mission_1,intel threat incident operation assessment system operation response intel assessment operation system intel security operation intel threat response operation intel operation cyber security threat threat,FFIRs_Friction_Points_Recommendations.csv,Action_Item,2,Action_Item,19b32650-124b-43ad-88da-8c9355c06f8c,0
Mission_1,threat threat operation security cyber intel threat response system assessment response assessment system incident response response network incident response incident response threat network assessment threat,FFIRs_Friction_Points_Recommendations.csv,Action_Item,3,Action_Item,b58a392c-6542-421f-9bdb-36128423b2c0,0
Mission_1,assessment threat cyber incident incident intel threat incident incident response threat,FFIRs_Friction_Points_Recommendations.csv,Action_Item,4,Action_Item,76da0adf-ae07-4cc2-8225-f1d301bcb2ac,0
Mission_1,incident security intel intel operation response response cyber response network network network system intel network intel intel operation operation system operation security system network security,FFIRs_Friction_Points_Recommendations.csv,Summary,1,Summary,02465e93-0af9-4972-a0a4-8a5da03314ef,0
Mission_1,network security cyber system incident intel response cyber security operation incident intel incident response response system operation incident network response assessment operation security incident response,FFIRs_Friction_Points_Recommendations.csv,Summary,2,Summary,711d2f20-753d-4a56-81e2-45c7c16fb73b,0
Mission_1,incident response response operation incident security operation security intel system cyber network response network response operation operation response threat network assessment security intel intel intel,FFIRs_Friction_Points_Recommendations.csv,Summary,3,Summary,527e3a79-4bd3-4cd7-9e85-59cfec9f6024,0
Mission_1,intel intel cyber threat intel assessment response operation incident incident security,FFIRs_Friction_Points_Recommendations.csv,Summary,4,Summary,525ad3f9-b2b8-4d65-884d-4bf65ad3aa7c,0
Mission_2,response threat system response threat incident network security threat network threat assessment cyber system cyber assessment cyber threat cyber incident network incident security system threat,FFIRs_Friction_Points_Recommendations.csv,FFIR,1,FFIR,b727f3be-109b-4757-90fc-0081bc1d585f,1
Mission_2,system threat security system network incident response system cyber intel network system incident security operation operation operation system cyber threat incident response intel network assessment,FFIRs_Friction_Points_Recommendations.csv,FFIR,2,FFIR,43d65dcd-0486-4e89-87e0-f34cf70461ce,1
Mission_2,network assessment cyber threat operation security assessment operation cyber intel assessment assessment response incident assessment threat system response assessment network system response incident incident cyber,FFIRs_Friction_Points_Recommendations.csv,FFIR,3,FFIR,5d6ed640-f06a-42ea-bbdf-11b0aefdeb3c,1
Mission_2,incident cyber threat security intel operation security threat security intel assessment,FFIRs_Friction_Points_Recommendations.csv,FFIR,4,FFIR,12c037f9-5db8-41a7-98e4-2cd2e999c874,1
Mission_2,network response cyber response assessment response operation security system threat threat cyber system cyber intel intel network intel cyber threat system threat incident operation incident,FFIRs_Friction_Points_Recommendations.csv,Friction_Point,1,Friction_Point,aba1d89e-d039-4fa1-8257-5efbb1297c06,1
Mission_2,operation incident network incident system assessment assessment operation system network system response incident cyber assessment cyber system assessment system assessment response system network incident response,FFIRs_Friction_Points_Recommendations.csv,Friction_Point,2,Friction_Point,34658211-0b3b-4425-8bf6-66008e5bbe1f,1
Mission_2,incident response system network system operation threat incident intel security system threat response incident network threat response response network threat intel threat cyber network response,FFIRs_Friction_Points_Recommendations.csv,Friction_Point,3,Friction_Point,43e58f7f-67d5-4afa-a25b-b3677dfdeb9b,1
Mission_2,network response system incident threat response cyber incident incident assessment cyber,FFIRs_Friction_Points_Recommendations.csv,Friction_Point,4,Friction_Point,0e0676cd-866c-43eb-b5f7-942756f2dc94,1
Mission_2,assessment cyber intel operation threat incident assessment threat network incident assessment cyber operation response response intel intel network operation incident security cyber assessment operation operation,FFIRs_Friction_Points_Recommendations.csv,Recommendation,1,Recommendation,d2f3fd83-16f4-46f2-afbb-987926dc7d81,1
Mission_2,operation operation security system assessment intel response assessment intel response network assessment cyber response system operation network intel security incident cyber network operation operation security,FFIRs_Friction_Points_Recommendations.csv,Recommendation,2,Recommendation,87d58af9-7c5b-4704-bdf6-a0a65cf83c98,1
Mission_2,operation security system threat intel operation network network cyber operation cyber cyber response network operation cyber cyber assessment network incident threat network cyber assessment network,FFIRs_Friction_Points_Recommendations.csv,Recommendation,3,Recommendation,0fac3a16-3ab0-44d3-a79f-33ca86be4804,1
Mission_2,assessment network intel security network response response threat operation security incident,FFIRs_Friction_Points_Recommendations.csv,Recommendation,4,Recommendation,90937002-88a4-4e41-a3dc-82f41a1d6e2c,1
Mission_2,incident intel operation operation threat incident assessment assessment assessment security security system assessment operation system system system system network operation response response cyber assessment cyber,FFIRs_Friction_Points_Recommendations.csv,Observation,1,Observation,b3845220-258e-44e6-9a3d-e2ff873590fb,1
Mission_2,assessment cyber incident intel response operation incident system intel incident assessment network operation network threat incident system system assessment response system intel intel assessment network,FFIRs_Friction_Points_Recommendations.csv,Observation,2,Observation,9dc62041-3418-4b28-964f-c2bedf5f7e4e,1
Mission_2,assessment network intel assessment operation network network assessment operation system network incident threat response response intel system response assessment security incident intel intel assessment intel,FFIRs_Friction_Points_Recommendations.csv,Observation,3,Observation,82a2481e-c19e-4145-8d04-4e8d4b423034,1
Mission_2,assessment intel intel security incident system response incident incident security operation,FFIRs_Friction_Points_Recommendations.csv,Observation,4,Observation,b03be651-266a-43fb-8858-73bfb5387b75,1
Mission_2,assessment assessment incident threat network network incident network response assessment intel cyber security cyber assessment intel incident response intel incident cyber assessment response response security,FFIRs_Friction_Points_Recommendations.csv,Action_Item,1,Action_Item,26afab41-f81f-42be-9e22-12644cd1257e,1
Mission_2,response security threat system intel operation security security network assessment intel threat threat incident network response operation response network security response response system intel operation,FFIRs_Friction_Points_Recommendations.csv,Action_Item,2,Action_Item,870602c9-f03c-4a82-99fa-047053162c03,1
Mission_2,intel operation assessment operation network operation network operation system intel operation system network incident response incident cyber intel incident response threat system response assessment operation,FFIRs_Friction_Points_Recommendations.csv,Action_Item,3,Action_Item,0a034faa-15f9-4a4f-bda0-68e1f9e53372,1
Mission_2,assessment operation operation cyber threat response network system network network system,FFIRs_Friction_Points_Recommendations.csv,Action_Item,4,Action_Item,dd246b80-52ee-461d-8ae4-db2fd7fd2a64,1
Mission_2,response assessment assessment threat network response cyber intel security response security cyber network response security assessment incident threat network assessment response intel cyber assessment response,FFIRs_Friction_Points_Recommendations.csv,Summary,1,Summary,7446f92a-a379-41b0-97d4-a049e7fa2aec,1
Mission_2,assessment response threat intel response incident security system intel operation response response incident cyber system response network cyber threat intel network threat network assessment incident,FFIRs_Friction_Points_Recommendations.csv,Summary,2,Summary,ab996463-0eca-471f-90bc-5a18c1d9df93,1
Mission_2,assessment incident incident system assessment system system security cyber network cyber security assessment operation assessment system security network incident security cyber intel response incident threat,FFIRs_Friction_Points_Recommendations.csv,Summary,3,Summary,cc5c3611-5479-4680-8167-a09fd4deb56a,1
Mission_2,incident threat incident operation system network response security response network network,FFIRs_Friction_Points_Recommendations.csv,Summary,4,Summary,464ba462-c305-4374-b3a6-ddcc390da0c8,1
Mission_3,system intel assessment system threat incident network response intel network cyber operation cyber assessment network threat operation assessment intel security network network intel operation assessment,FFIRs_Friction_Points_Recommendations.csv,FFIR,1,FFIR,b4cc4bdf-5f06-435c-b782-7bc14eea8b0a,2
Mission_3,operation assessment security operation incident cyber network threat incident threat system assessment network security response network response security network intel cyber system intel incident response,FFIRs_Friction_Points_Recommendations.csv,FFIR,2,FFIR,a832bfe6-d1a0-4994-92db-26353fbd984e,2
Mission_3,incident response cyber cyber cyber incident response operation intel threat assessment threat threat assessment network response assessment operation security threat intel intel incident operation operation,FFIRs_Friction_Points_Recommendations.csv,FFIR,3,FFIR,56cb3994-857a-461a-b770-fcc27e2465e0,2
Mission_3,operation operation operation threat cyber system response assessment threat intel incident,FFIRs_Friction_Points_Recommendations.csv,FFIR,4,FFIR,52654afe-8457-4c2d-a82e-9f656c9e50dd,2
Mission_3,response cyber intel operation cyber incident threat response cyber security operation cyber assessment assessment security response security threat response response intel cyber intel intel response,FFIRs_Friction_Points_Recommendations.csv,Friction_Point,1,Friction_Point,10e4b969-6c4e-4eb5-8438-62b89513fac5,2
Mission_3,intel response security system response security assessment security security network intel operation threat cyber network assessment threat assessment system threat threat network threat threat incident,FFIRs_Friction_Points_Recommendations.csv,Friction_Point,2,Friction_Point,87d59419-69f1-462f-831e-e06a05a0c166,2
Mission_3,threat incident threat intel response operation network operation incident network security incident operation system cyber network security intel cyber intel response security assessment security incident,FFIRs_Friction_Points_Recommendations.csv,Friction_Point,3,Friction_Point,bf03c3c3-9027-4fb7-aa37-50010b172a3c,2
Mission_3,security incident assessment intel incident network incident incident network assessment security,FFIRs_Friction_Points_Recommendations.csv,Friction_Point,4,Friction_Point,1213f49b-55fa-4af8-9cfb-008ef95a8b3a,2
Mission_3,cyber response operation response assessment intel intel system system security incident intel threat operation network threat intel threat cyber intel threat cyber intel incident cyber,FFIRs_Friction_Points_Recommendations.csv,Recommendation,1,Recommendation,4c98f2fd-2a10-4121-8349-e11333e0e4cd,2
Mission_3,incident cyber network assessment cyber cyber operation response network assessment intel network system response response intel threat intel network incident incident intel system threat incident,FFIRs_Friction_Points_Recommendations.csv,Recommendation,2,Recommendation,3c559883-5911-41d0-9790-b517aea0bf56,2
Mission_3,threat incident network response network security operation threat cyber network response assessment threat intel operation system threat system incident response cyber security threat security security,FFIRs_Friction_Points_Recommendations.csv,Recommendation,3,Recommendation,e8e3f5a8-607d-4073-99fe-bcfd141c73fb,2
Mission_3,security security cyber cyber system threat threat cyber response response response,FFIRs_Friction_Points_Recommendations.csv,Recommendation,4,Recommendation,76ff7641-b86f-407b-aa27-4fe050a49799,2
Mission_3,intel security system network incident assessment incident network network cyber network security intel threat cyber security network intel assessment response security security incident incident network,FFIRs_Friction_Points_Recommendations.csv,Observation,1,Observation,d13d1b13-0d84-4585-a6aa-1cd3d2dac180,2
Mission_3,incident network response operation threat operation operation response system threat network incident assessment security network security network assessment intel network system assessment cyber threat threat,FFIRs_Friction_Points_Recommendations.csv,Observation,2,Observation,f5bce160-7ebd-454d-805f-135228732c99,2
Mission_3,threat threat network incident assessment system threat network operation incident threat cyber security system threat threat security assessment network cyber cyber network operation response system,FFIRs_Friction_Points_Recommendations.csv,Observation,3,Observation,49667c49-aef8-483e-a002-48d248c6bedb,2
Mission_3,response system cyber system assessment incident operation intel cyber cyber intel,FFIRs_Friction_Points_Recommendations.csv,Observation,4,Observation,e123358d-a2a2-44d1-898b-069f023f16fe,2
Mission_3,security network system intel response response assessment network operation assessment system intel incident intel intel cyber response intel response cyber security threat response response response,FFIRs_Friction_Points_Recommendations.csv,Action_Item,1,Action_Item,2d72a990-b12f-460d-9f33-2eb5ebb7a041,2
Mission_3,response response response incident security network incident assessment intel security incident incident security cyber security cyber threat threat assessment assessment response security intel incident threat,FFIRs_Friction_Points_Recommendations.csv,Action_Item,2,Action_Item,07e1799c-084d-49e3-96b1-7451abaf53a6,2
Mission_3,incident threat network system response incident operation intel assessment intel operation threat intel intel response system intel security threat assessment response network security incident assessment,FFIRs_Friction_Points_Recommendations.csv,Action_Item,3,Action_Item,f80039cd-6ed6-48b9-bcf0-53fad94f4ee0,2
Mission_3,incident assessment intel security incident assessment intel network intel system assessment,FFIRs_Friction_Points_Recommendations.csv,Action_Item,4,Action_Item,a6f04b84-5fb8-4752-8ea5-ffc1a626595c,2
Mission_3,cyber cyber response security incident cyber response incident threat operation incident intel system operation operation intel security assessment operation security security incident threat security response,FFIRs_Friction_Points_Recommendations.csv,Summary,1,Summary,6c2d71ab-ae46-4df5-8970-edd02330b855,2
Mission_3,security response incident incident network intel response operation threat security security incident response assessment cyber network cyber intel cyber security assessment intel assessment threat incident,FFIRs_Friction_Points_Recommendations.csv,Summary,2,Summary,83056470-fe17-4a99-8c95-5f9f57124097,2
Mission_3,threat incident incident operation network security threat network incident assessment network intel system cyber cyber network security response intel response network cyber cyber security response,FFIRs_Friction_Points_Recommendations.csv,Summary,3,Summary,8b8b2067-3201-4a8b-a008-d97ecc88ed5b,2
Mission_3,security response incident network cyber threat assessment threat operation security intel,FFIRs_Friction_Points_Recommendations.csv,Summary,4,Summary,65a36cf4-0c12-4e2b-8f58-1e3755626691,2
Mission_4,operation security intel system intel assessment assessment system response security cyber cyber threat operation threat system network network security system system response cyber cyber operation,FFIRs_Friction_Points_Recommendations.csv,FFIR,1,FFIR,c7a44a5f-3e60-493c-9465-75bc92d5307d,3
Mission_4,cyber operation system operation response threat system assessment security threat incident assessment cyber system operation threat threat operation operation threat assessment security operation operation intel,FFIRs_Friction_Points_Recommendations.csv,FFIR,2,FFIR,96f572b2-5b2f-4d7c-9055-697e07ae8c4c,3
Mission_4,operation intel network cyber response assessment intel incident network incident network intel cyber security operation operation operation network cyber assessment response cyber network system operation,FFIRs_Friction_Points_Recommendations.csv,FFIR,3,FFIR,44ca3174-42f9-45e1-9efc-ad0c159c2903,3
Mission_4,system operation incident system security cyber threat security assessment security intel,FFIRs_Friction_Points_Recommendations.csv,FFIR,4,FFIR,e55918a5-848b-47c0-aa93-57765b9cf5a6,3
Mission_4,intel cyber threat threat threat cyber response cyber incident response threat incident intel threat assessment operation security cyber operation operation operation intel network assessment incident,FFIRs_Friction_Points_Recommendations.csv,Friction_Point,1,Friction_Point,3b980cff-1fc3-4ddd-94ab-701ccc57a889,3
Mission_4,assessment incident threat operation intel response threat intel network intel cyber network incident intel incident network incident intel intel threat security intel response system incident,FFIRs_Friction_Points_Recommendations.csv,Friction_Point,2,Friction_Point,4c29a2f0-7cf1-4443-b5f0-fd553ff4bcd0,3
Mission_4,system incident threat operation response response system response response threat intel system incident incident incident threat response response response system assessment system assessment assessment assessment,FFIRs_Friction_Points_Recommendations.csv,Friction_Point,3,Friction_Point,8f09ff8d-d208-4499-871c-beca1ce1283d,3
Mission_4,assessment assessment operation security security response response operation security threat network,FFIRs_Friction_Points_Recommendations.csv,Friction_Point,4,Friction_Point,2133c0b8-2c2b-4399-8204-9cb6aa59f395,3
Mission_4,operation threat threat response cyber security cyber system security network threat threat assessment operation intel security security threat security network assessment network assessment response network,FFIRs_Friction_Points_Recommendations.csv,Recommendation,1,Recommendation,7fa15d41-bb38-4459-8125-7f5bfeb81b87,3
Mission_4,response network incident security assessment security response cyber cyber assessment assessment network incident response threat assessment cyber system threat security operation security assessment network incident,FFIRs_Friction_Points_Recommendations.csv,Recommendation,2,Recommendation,cc49a688-8d82-45fa-bfe3-71ab7a078462,3
Mission_4,network incident cyber network cyber assessment system operation assessment cyber intel response response threat assessment response system network operation assessment network security operation response assessment,FFIRs_Friction_Points_Recommendations.csv,Recommendation,3,Recommendation,4e131305-5e4e-4471-aca4-89e0afbb3a29,3
Mission_4,response assessment network intel response network response network system response system,FFIRs_Friction_Points_Recommendations.csv,Recommendation,4,Recommendation,752a33cb-0710-4a0c-a2bd-c4b017823aa6,3
Mission_4,assessment assessment assessment response response system security operation security network response intel network threat response assessment cyber intel operation network cyber response security system system,FFIRs_Friction_Points_Recommendations.csv,Observation,1,Observation,62f4b4b9-0455-441d-96e7-8b788874fd9a,3
Mission_4,system system operation threat operation operation assessment assessment response operation response security operation threat security intel system assessment response incident network response security operation assessment,FFIRs_Friction_Points_Recommendations.csv,Observation,2,Observation,301d8a74-238b-43d5-b2a9-f91c40956ede,3
Mission_4,operation assessment incident operation intel security intel response intel cyber security response operation incident network incident incident cyber incident operation assessment threat network assessment network,FFIRs_Friction_Points_Recommendations.csv,Observation,3,Observation,39680444-bef4-4b2d-b1e8-f3576219f7b4,3
Mission_4,assessment network assessment intel security security operation operation cyber assessment threat,FFIRs_Friction_Points_Recommendations.csv,Observation,4,Observation,d715fe60-d105-47a9-bdf7-5fb97b373612,3
Mission_4,security intel response assessment assessment threat assessment security incident cyber incident assessment network response incident assessment incident operation operation response incident assessment network incident operation,FFIRs_Friction_Points_Recommendations.csv,Action_Item,1,Action_Item,2352f9bd-819b-48eb-82b0-cd73d9cee9c5,3
Mission_4,incident operation incident cyber assessment assessment assessment system security operation assessment operation assessment cyber cyber intel security incident incident network operation system intel response assessment,FFIRs_Friction_Points_Recommendations.csv,Action_Item,2,Action_Item,dd78f621-e84f-4dfc-8fb2-14f80bb20d31,3
Mission_4,response assessment intel system assessment security response intel intel intel threat system intel network intel system network intel security operation threat intel incident network intel,FFIRs_Friction_Points_Recommendations.csv,Action_Item,3,Action_Item,abbbc1f2-6e60-4ec9-9e1a-2b0736ef6a36,3
Mission_4,network intel intel incident cyber threat incident incident assessment incident operation,FFIRs_Friction_Points_Recommendations.csv,Action_Item,4,Action_Item,8784b4e0-5649-4728-ad61-15057e085417,3
Mission_4,operation incident incident incident assessment operation assessment cyber operation assessment system intel network network cyber threat intel security system cyber intel response system response cyber,FFIRs_Friction_Points_Recommendations.csv,Summary,1,Summary,141a9f79-cced-4227-a445-b2deb18cabb3,3
Mission_4,response cyber response intel incident intel network system threat operation threat cyber system security assessment system network network assessment network system security operation network cyber,FFIRs_Friction_Points_Recommendations.csv,Summary,2,Summary,94142e09-7d42-4e91-a670-5c5588842dc2,3
Mission_4,network cyber assessment threat intel security system assessment incident intel operation system network operation threat threat network security intel incident intel incident assessment network security,FFIRs_Friction_Points_Recommendations.csv,Summary,3,Summary,d2f312f2-02fd-43ba-8a56-8af6210e4e9e,3
Mission_4,network security response response incident operation intel intel security network intel,FFIRs_Friction_Points_Recommendations.csv,Summary,4,Summary,d9c294bf-4188-4e41-8603-a58e50f10c8d,3
Mission_5,network system assessment threat system intel network intel assessment intel incident operation response response operation intel network incident assessment security incident operation network cyber response,FFIRs_Friction_Points_Recommendations.csv,FFIR,1,FFIR,3206d502-9ff2-44fe-9a30-ba7cf11321af,4
Mission_5,cyber response assessment cyber operation response operation security security network network incident network operation intel network threat operation security incident system network security incident threat,FFIRs_Friction_Points_Recommendations.csv,FFIR,2,FFIR,11702590-c18d-4256-9d93-459627edc163,4
Mission_5,incident threat incident system cyber network system assessment system intel network system security network assessment response intel incident cyber security network cyber response assessment incident,FFIRs_Friction_Points_Recommendations.csv,FFIR,3,FFIR,1acf843b-7948-45ee-ae72-57a546635043,4
Mission_5,assessment incident threat threat network cyber intel cyber incident assessment threat,FFIRs_Friction_Points_Recommendations.csv,FFIR,4,FFIR,f41c4d4d-38a9-43c1-85ec-bf220fcd1156,4
Mission_5,response response threat cyber system threat network security response intel threat incident incident network threat network operation assessment network threat security operation intel threat threat,FFIRs_Friction_Points_Recommendations.csv,Friction_Point,1,Friction_Point,70ccfaca-09a4-41be-a1a9-728bb525fffc,4
Mission_5,threat threat system response incident intel assessment response threat cyber network incident cyber assessment assessment operation assessment threat cyber incident threat threat security threat threat,FFIRs_Friction_Points_Recommendations.csv,Friction_Point,2,Friction_Point,3f8fc63f-1139-422c-b15d-862d3ac59199,4
Mission_5,threat threat threat cyber security incident assessment intel intel security system cyber response incident cyber response cyber incident assessment cyber threat intel assessment cyber assessment,FFIRs_Friction_Points_Recommendations.csv,Friction_Point,3,Friction_Point,927ef870-6351-434d-9aaa-b8fe01d51ea4,4
Mission_5,cyber assessment operation incident threat network system operation threat security incident,FFIRs_Friction_Points_Recommendations.csv,Friction_Point,4,Friction_Point,e94da8c4-fecb-43f4-bca3-6284428ea008,4
Mission_5,threat operation intel security operation system cyber operation security network cyber response system threat security cyber network threat security operation security assessment incident assessment cyber,FFIRs_Friction_Points_Recommendations.csv,Recommendation,1,Recommendation,04391563-e540-42b5-8199-fc2a235f31e8,4
Mission_5,assessment cyber security operation threat security cyber cyber threat network security incident threat system incident security network incident network operation intel response system network network,FFIRs_Friction_Points_Recommendations.csv,Recommendation,2,Recommendation,2b0f5592-fd89-4312-8c16-0cd668d2240d,4
Mission_5,network network operation assessment security system response incident intel response assessment incident cyber response system security operation cyber incident incident response security response assessment cyber,FFIRs_Friction_Points_Recommendations.csv,Recommendation,3,Recommendation,78cd41f2-853c-4302-b4af-4955da8fff3a,4
Mission_5,assessment cyber response threat security assessment network cyber assessment system network,FFIRs_Friction_Points_Recommendations.csv,Recommendation,4,Recommendation,1ff060c5-ba40-4903-a3d3-9a58b8d56983,4
Mission_5,assessment network response assessment operation cyber cyber operation threat network operation system system operation system operation security cyber assessment intel operation response response threat security,FFIRs_Friction_Points_Recommendations.csv,Observation,1,Observation,150ca304-632a-4fb2-baac-8172ad268eac,4
Mission_5,threat security operation system assessment assessment intel operation network network operation network security operation network network security intel incident intel operation network network incident security,FFIRs_Friction_Points_Recommendations.csv,Observation,2,Observation,6465441d-88c6-4b19-a6ba-5a4055c5a2bf,4
Mission_5,incident security incident threat assessment cyber network assessment operation incident intel network response operation system operation security intel response assessment operation response intel assessment operation,FFIRs_Friction_Points_Recommendations.csv,Observation,3,Observation,376b6d3c-e2b0-4f36-b541-dda15db6536b,4
Mission_5,assessment operation assessment threat operation incident security intel incident operation cyber,FFIRs_Friction_Points_Recommendations.csv,Observation,4,Observation,d6b19256-4a71-4130-8380-290624be7f96,4
Mission_5,incident response security assessment assessment response network security incident incident assessment assessment threat intel security response incident assessment system intel network cyber network threat operation,FFIRs_Friction_Points_Recommendations.csv,Action_Item,1,Action_Item,8d9472c6-71d7-44ea-8b76-f6b942d87e2e,4
Mission_5,threat operation intel incident assessment system intel network response system cyber incident network assessment cyber network security operation system response threat intel incident cyber intel,FFIRs_Friction_Points_Recommendations.csv,Action_Item,2,Action_Item,92d5195d-58d8-431c-ba0e-747b469f8db0,4
Mission_5,cyber intel cyber cyber system system threat security incident security incident system incident network operation intel response system security security response threat network security operation,FFIRs_Friction_Points_Recommendations.csv,Action_Item,3,Action_Item,12081627-b805-4cf5-aa00-d575e532c543,4
Mission_5,security operation security intel operation network response response cyber incident operation,FFIRs_Friction_Points_Recommendations.csv,Action_Item,4,Action_Item,7f346505-8ade-4032-a319-44df478aa548,4
Mission_5,network operation system security intel system incident incident security system cyber intel assessment incident threat threat cyber intel cyber cyber security security intel operation incident,FFIRs_Friction_Points_Recommendations.csv,Summary,1,Summary,a7350dfc-f0d1-4b97-8fa4-399a9b332b7d,4
Mission_5,operation incident cyber assessment system cyber system threat cyber cyber response security incident incident system system assessment incident threat cyber cyber response system incident assessment,FFIRs_Friction_Points_Recommendations.csv,Summary,2,Summary,53edc389-2a97-477f-b0eb-3699e80dbda9,4
Mission_5,incident assessment assessment assessment system incident assessment assessment cyber threat assessment operation response security intel intel cyber threat threat threat system incident response system cyber,FFIRs_Friction_Points_Recommendations.csv,Summary,3,Summary,91e86ca4-5d36-48c0-8e45-f865a8c8512b,4
Mission_5,system cyber security assessment response incident assessment operation system assessment operation,FFIRs_Friction_Points_Recommendations.csv,Summary,4,Summary,e75aabaf-bf0f-4476-8119-e41661c19a64,4
Mission_6,response intel operation threat security threat cyber threat threat intel security assessment intel network threat response threat response incident cyber intel operation operation cyber response,FFIRs_Friction_Points_Recommendations.csv,FFIR,1,FFIR,2795735e-a770-485a-815b-583c18997e64,5
Mission_6,cyber response incident threat threat security incident system operation network security cyber response incident cyber incident security operation cyber intel assessment intel incident operation response,FFIRs_Friction_Points_Recommendations.csv,FFIR,2,FFIR,290a0c08-2955-4442-8a59-632b59eb4c5f,5
Mission_6,operation response assessment security assessment cyber system system cyber system response system cyber security system response response threat system security threat cyber cyber incident cyber,FFIRs_Friction_Points_Recommendations.csv,FFIR,3,FFIR,4169e46b-631d-4433-8fb1-661868764901,5
Mission_6,incident cyber security assessment system cyber assessment response cyber assessment intel,FFIRs_Friction_Points_Recommendations.csv,FFIR,4,FFIR,22e77080-0b6b-4570-b506-806dfc7f1d99,5
Mission_6,operation system response operation assessment operation cyber response cyber operation intel security intel response assessment response assessment threat security system response response response network threat,FFIRs_Friction_Points_Recommendations.csv,Friction_Point,1,Friction_Point,d737db9d-6ecd-4f5c-a746-6c28da7f75d6,5
Mission_6,network threat incident intel intel response security security assessment response cyber system response network threat threat network cyber incident operation response intel incident system security,FFIRs_Friction_Points_Recommendations.csv,Friction_Point,2,Friction_Point,c98bf8f0-c848-49fe-95a5-e9fdcf2983a2,5
Mission_6,system security network cyber system cyber response network threat incident system response operation incident threat intel security operation assessment system assessment network network operation response,FFIRs_Friction_Points_Recommendations.csv,Friction_Point,3,Friction_Point,39f88de5-dfda-4a07-abe3-a4a9dffec4bf,5
Mission_6,operation response intel threat network cyber system assessment response operation response,FFIRs_Friction_Points_Recommendations.csv,Friction_Point,4,Friction_Point,b00f19d6-5d4a-4f12-9ba9-3e2edf7c1e34,5
Mission_6,security cyber system intel operation intel threat security intel security incident assessment operation response threat operation threat incident network cyber incident network assessment response incident,FFIRs_Friction_Points_Recommendations.csv,Recommendation,1,Recommendation,8ee8e9d5-4e4d-4715-a971-b74b0434988d,5
Mission_6,response incident threat operation assessment threat intel incident system operation threat intel operation incident network incident network system assessment system network response incident threat operation,FFIRs_Friction_Points_Recommendations.csv,Recommendation,2,Recommendation,d425b323-3ad9-4ff9-a00b-bc3152b6518e,5
Mission_6,threat operation security response assessment response incident threat cyber assessment operation cyber cyber intel threat intel operation system assessment incident intel system threat network operation,FFIRs_Friction_Points_Recommendations.csv,Recommendation,3,Recommendation,5ac58eb9-67be-45a8-9ae3-246c28e668ba,5
Mission_6,network operation network cyber assessment incident assessment assessment system intel cyber,FFIRs_Friction_Points_Recommendations.csv,Recommendation,4,Recommendation,cf478a82-36a3-4259-87d4-76238dbf1437,5
Mission_6,intel assessment intel response response incident threat intel threat security response system response incident intel operation security threat assessment intel cyber assessment assessment network threat,FFIRs_Friction_Points_Recommendations.csv,Observation,1,Observation,43fa94e4-a9c2-415c-82b5-33186e5d7c79,5
Mission_6,network threat assessment operation assessment response assessment incident assessment incident threat response threat system intel assessment network intel system security threat system threat response threat,FFIRs_Friction_Points_Recommendations.csv,Observation,2,Observation,080fccda-9921-486f-8531-f2e1311e47a0,5
Mission_6,response threat threat response threat assessment cyber security intel security system network threat cyber security incident response operation cyber incident system intel operation threat operation,FFIRs_Friction_Points_Recommendations.csv,Observation,3,Observation,4f1b0b30-0c79-4c0d-af43-2dfcda453606,5
Mission_6,threat operation incident response operation response assessment response security threat network,FFIRs_Friction_Points_Recommendations.csv,Observation,4,Observation,20236f90-417b-49f8-9fde-0d5a67824112,5
Mission_6,response threat intel intel incident security system network incident system incident response assessment operation intel cyber system network security intel intel system assessment response system,FFIRs_Friction_Points_Recommendations.csv,Action_Item,1,Action_Item,53da82df-8b0c-4d25-9b87-840c68633e37,5
Mission_6,response system response incident threat response threat cyber threat threat assessment incident security network cyber assessment response operation network system cyber assessment security intel threat,FFIRs_Friction_Points_Recommendations.csv,Action_Item,2,Action_Item,9a3fbc9d-a0a7-49df-9c37-618c7dcca335,5
Mission_6,intel threat security security intel incident system cyber assessment response response operation operation operation assessment assessment operation security operation security network cyber network operation cyber,FFIRs_Friction_Points_Recommendations.csv,Action_Item,3,Action_Item,0ab4745f-a5aa-4671-a528-b93ea4080370,5
Mission_6,operation cyber intel threat network intel threat security security threat network,FFIRs_Friction_Points_Recommendations.csv,Action_Item,4,Action_Item,2115a4c7-9936-4650-a141-7ec886b17ad4,5
Mission_6,system threat incident response system operation response response security assessment system operation system system network system response threat operation response system security assessment security intel,FFIRs_Friction_Points_Recommendations.csv,Summary,1,Summary,0aa4a1dd-b8f3-462c-9ac8-99dd3f53f1d3,5
Mission_6,security intel network operation response assessment threat incident network system incident cyber assessment intel security security threat operation response response cyber operation cyber system response,FFIRs_Friction_Points_Recommendations.csv,Summary,2,Summary,91bcdf40-96bb-4d4c-a544-31f26ddc1857,5
Mission_6,system response network system incident network threat cyber cyber cyber assessment threat threat system cyber operation threat operation cyber system security security operation assessment security,FFIRs_Friction_Points_Recommendations.csv,Summary,3,Summary,916147f0-47ef-4e21-88be-457f9f3babf8,5
Mission_6,assessment security incident response incident security incident assessment assessment intel threat,FFIRs_Friction_Points_Recommendations.csv,Summary,4,Summary,d5475db6-1b7a-4f97-98f8-9bedb6cd99cd,5
Mission_7,intel network cyber network cyber cyber cyber security response threat security security network cyber threat security threat operation assessment operation incident threat incident assessment intel,FFIRs_Friction_Points_Recommendations.csv,FFIR,1,FFIR,050160da-f673-40c7-ac02-41bdeef8ec30,6
Mission_7,assessment intel operation intel threat system assessment intel system incident cyber threat operation incident security threat operation intel operation intel intel threat assessment operation cyber,FFIRs_Friction_Points_Recommendations.csv,FFIR,2,FFIR,a36f7b69-db76-4716-96fd-e5d0077283ff,6
Mission_7,operation cyber operation response threat response system network assessment cyber security incident cyber cyber network intel operation response system network threat threat threat incident intel,FFIRs_Friction_Points_Recommendations.csv,FFIR,3,FFIR,836a657c-1514-4754-abf3-8ad7f1f140f2,6
Mission_7,incident intel incident security security cyber operation assessment intel cyber response,FFIRs_Friction_Points_Recommendations.csv,FFIR,4,FFIR,059459f5-e431-488f-b3b7-c39943431556,6
Mission_7,intel network network operation security response threat response cyber operation operation system intel security response system incident incident intel security assessment cyber cyber network response,FFIRs_Friction_Points_Recommendations.csv,Friction_Point,1,Friction_Point,aa9d58d0-01ce-43bc-9ea0-a3194d6aa808,6
Mission_7,network response security response response response response response cyber cyber assessment threat network response system threat threat network response assessment cyber network cyber assessment intel,FFIRs_Friction_Points_Recommendations.csv,Friction_Point,2,Friction_Point,628e39aa-98c1-4957-83bc-b6e27803e393,6
Mission_7,assessment intel cyber assessment threat threat security incident incident threat cyber system assessment intel security threat network threat intel intel incident system assessment incident incident,FFIRs_Friction_Points_Recommendations.csv,Friction_Point,3,Friction_Point,5e58d195-67e9-4ade-871b-317dd24ad907,6
Mission_7,incident incident security system cyber response security intel system system intel,FFIRs_Friction_Points_Recommendations.csv,Friction_Point,4,Friction_Point,2904b3ba-ba04-41bd-aee1-86819d04eab6,6
Mission_7,system response intel security intel operation system network incident operation cyber incident system threat system system network intel network response assessment assessment cyber system network,FFIRs_Friction_Points_Recommendations.csv,Recommendation,1,Recommendation,1f13f704-29eb-4c38-a42e-9a12fb09a11c,6
Mission_7,system network assessment incident incident assessment operation intel operation security security system system security operation security operation incident system network threat incident threat incident threat,FFIRs_Friction_Points_Recommendations.csv,Recommendation,2,Recommendation,f6ef210d-9731-498a-973d-34efa16faced,6
Mission_7,incident threat intel network system operation assessment network response response cyber response response incident assessment network security incident operation cyber incident system response network network,FFIRs_Friction_Points_Recommendations.csv,Recommendation,3,Recommendation,49a5a7a2-1329-4ddb-b4ab-6e25b9dfefed,6
Mission_7,network network intel cyber network security system assessment assessment response threat,FFIRs_Friction_Points_Recommendations.csv,Recommendation,4,Recommendation,5b1f23d5-f50a-48c9-b578-231107210c10,6
Mission_7,security operation incident assessment operation cyber operation system assessment incident cyber intel assessment system response system cyber response system threat network operation intel network cyber,FFIRs_Friction_Points_Recommendations.csv,Observation,1,Observation,fbbe3e9e-4b77-4e8a-8fb0-309fa8303baf,6
Mission_7,network cyber operation cyber incident operation incident system threat cyber cyber cyber security assessment security operation assessment operation system network security cyber threat cyber operation,FFIRs_Friction_Points_Recommendations.csv,Observation,2,Observation,9293db9e-c424-4285-8940-d2df5ad122fe,6
Mission_7,cyber operation operation threat incident cyber incident assessment assessment threat operation assessment response response operation operation response operation security network assessment system threat security threat,FFIRs_Friction_Points_Recommendations.csv,Observation,3,Observation,22be9c9c-000a-43ef-947a-b5868a5f0b5a,6
Mission_7,security threat response threat incident network operation system incident response response,FFIRs_Friction_Points_Recommendations.csv,Observation,4,Observation,ea47d5a6-0ff3-4515-b582-f30ff06b615c,6
Mission_7,network cyber response system network operation system threat incident intel incident security operation security system operation operation system operation incident security incident network network response,FFIRs_Friction_Points_Recommendations.csv,Action_Item,1,Action_Item,6a70ba9e-114c-4b03-a563-2f97fca6f1b1,6
Mission_7,network response response response threat assessment threat incident network intel intel system incident network threat intel network intel cyber intel threat incident threat network intel,FFIRs_Friction_Points_Recommendations.csv,Action_Item,2,Action_Item,8d8402a3-b7ce-4dc4-a3a1-0131d9f62093,6
Mission_7,network intel incident system system network response threat incident intel incident network incident incident incident operation intel response response intel assessment threat network system network,FFIRs_Friction_Points_Recommendations.csv,Action_Item,3,Action_Item,c279aef5-b645-4694-83f2-cbf053962612,6
Mission_7,system network network cyber security operation operation incident system threat security,FFIRs_Friction_Points_Recommendations.csv,Action_Item,4,Action_Item,85615bb4-2bb6-492f-9e97-3b3c4bdfebf4,6
Mission_7,intel incident intel operation operation security system cyber response assessment system response cyber operation security incident incident response system cyber response threat incident intel security,FFIRs_Friction_Points_Recommendations.csv,Summary,1,Summary,131125c8-9c9e-4380-bd17-53ce18059529,6
Mission_7,intel security system intel security system security network intel cyber system threat threat assessment response incident operation intel security cyber security intel response response response,FFIRs_Friction_Points_Recommendations.csv,Summary,2,Summary,5562d80d-8343-44b0-85e8-607417de44ff,6
Mission_7,response response cyber threat network network cyber intel response intel security incident cyber intel assessment security cyber threat security response incident assessment threat incident threat,FFIRs_Friction_Points_Recommendations.csv,Summary,3,Summary,37325388-4255-4ee5-a57e-c921c4252e4c,6
Mission_7,incident threat operation cyber system network cyber assessment system operation security,FFIRs_Friction_Points_Recommendations.csv,Summary,4,Summary,bb2e5dd8-1f5c-4cbf-80d4-9d7c708a873b,6
Mission_8,operation threat intel cyber assessment operation operation security cyber assessment cyber threat system operation assessment network threat cyber response incident security security cyber network response,FFIRs_Friction_Points_Recommendations.csv,FFIR,1,FFIR,2a029d75-5cc3-4d13-b076-2e59726adfd2,7
Mission_8,network response intel threat system security threat assessment cyber incident network cyber network system intel intel intel network security assessment incident response assessment intel assessment,FFIRs_Friction_Points_Recommendations.csv,FFIR,2,FFIR,8f36c921-32b2-4b8b-8f7d-6be24b717b53,7
Mission_8,intel assessment network operation assessment intel network cyber threat threat incident incident incident cyber response system network response incident threat security system incident cyber security,FFIRs_Friction_Points_Recommendations.csv,FFIR,3,FFIR,9bbc3333-a460-4d7e-bc0c-7932f99ccd03,7
Mission_8,cyber security system security operation assessment operation threat security response security,FFIRs_Friction_Points_Recommendations.csv,FFIR,4,FFIR,0fbd5580-175c-4020-89fd-6acea1c2ed37,7
Mission_8,system cyber system network incident network response network response security response network threat response incident network assessment system cyber network security response threat cyber incident,FFIRs_Friction_Points_Recommendations.csv,Friction_Point,1,Friction_Point,29ef1772-13b6-4767-9e9e-b456ae6e5b75,7
Mission_8,cyber incident operation system network assessment threat assessment response security system assessment intel system incident assessment system network threat operation assessment cyber assessment assessment response,FFIRs_Friction_Points_Recommendations.csv,Friction_Point,2,Friction_Point,42dd8318-3205-4c59-afe5-87b06c40c866,7
Mission_8,assessment response network system network system incident response incident system operation assessment intel cyber intel threat cyber threat intel network response network incident incident system,FFIRs_Friction_Points_Recommendations.csv,Friction_Point,3,Friction_Point,c71fa426-d4ba-4018-aa64-3046be8c297e,7
Mission_8,incident system network response assessment incident cyber incident assessment intel system,FFIRs_Friction_Points_Recommendations.csv,Friction_Point,4,Friction_Point,e56ffd2f-891c-485d-b8ea-f2be197c16bb,7
Mission_8,operation cyber security cyber system threat system cyber security response response assessment incident threat incident response system security assessment operation operation system threat incident incident,FFIRs_Friction_Points_Recommendations.csv,Recommendation,1,Recommendation,05b87003-7dd8-4170-aec2-114166320bea,7
Mission_8,incident incident operation network intel security operation network intel security assessment operation response assessment response cyber network assessment intel operation network operation intel operation security,FFIRs_Friction_Points_Recommendations.csv,Recommendation,2,Recommendation,d29e8053-22d9-4a84-99eb-31d28b8a9cf6,7
Mission_8,operation security operation security system intel assessment operation assessment assessment system system security incident intel cyber intel security intel intel assessment security cyber system cyber,FFIRs_Friction_Points_Recommendations.csv,Recommendation,3,Recommendation,dbc36a75-d5fa-46e1-bae2-eb1d0b5b20a9,7
Mission_8,system cyber incident response threat intel response incident network intel network,FFIRs_Friction_Points_Recommendations.csv,Recommendation,4,Recommendation,a9502fef-50c9-4ce3-af49-b483dc2bdfe9,7
Mission_8,security response operation cyber assessment network operation cyber intel system incident assessment security assessment network assessment threat threat assessment system incident system response assessment cyber,FFIRs_Friction_Points_Recommendations.csv,Observation,1,Observation,00c8ff33-862c-46b3-bc27-bf33b6ee4742,7
Mission_8,assessment cyber response operation system network network network response network network cyber network operation network intel operation intel incident response threat system threat system network,FFIRs_Friction_Points_Recommendations.csv,Observation,2,Observation,41a40839-1855-4dd3-9548-4cfaec23628b,7
Mission_8,system network cyber operation intel assessment cyber threat incident response cyber system intel incident assessment cyber assessment security system cyber response intel system intel security,FFIRs_Friction_Points_Recommendations.csv,Observation,3,Observation,0501b0a3-be6f-4206-b016-28500fb6b9fe,7
Mission_8,intel security intel threat system network threat intel operation intel assessment,FFIRs_Friction_Points_Recommendations.csv,Observation,4,Observation,fb88ba89-2eab-469b-b262-0661cc00c49e,7
Mission_8,intel assessment system intel incident system operation assessment response response response intel intel cyber incident cyber threat response threat network cyber network operation incident network,FFIRs_Friction_Points_Recommendations.csv,Action_Item,1,Action_Item,9018177b-fc5d-4784-8811-ee56c9876704,7
Mission_8,incident network system intel network incident security assessment network threat response response network cyber system threat assessment network incident response response system incident threat operation,FFIRs_Friction_Points_Recommendations.csv,Action_Item,2,Action_Item,14fb4cc0-f680-4aa6-9212-0fd9c4d972df,7
Mission_8,threat operation intel cyber network assessment operation incident response cyber intel threat incident assessment cyber intel threat operation threat response threat response operation system intel,FFIRs_Friction_Points_Recommendations.csv,Action_Item,3,Action_Item,f7bae514-2f37-4e3f-a023-a9731de5a723,7
Mission_8,system intel operation system system security network operation response incident cyber,FFIRs_Friction_Points_Recommendations.csv,Action_Item,4,Action_Item,c3c7ca27-ab73-480d-8cbe-793dc7cdf3be,7
Mission_8,incident operation threat incident assessment cyber threat intel operation incident security network cyber network network intel threat operation security assessment system intel response intel network,FFIRs_Friction_Points_Recommendations.csv,Summary,1,Summary,d2b7e9c0-231d-4e80-bc00-b44c74b82e1a,7
Mission_8,intel network operation operation threat incident cyber intel security security cyber operation threat incident system security system assessment threat threat intel cyber cyber operation system,FFIRs_Friction_Points_Recommendations.csv,Summary,2,Summary,875e7256-06b6-4bb0-9ccc-095b8d7412fe,7
Mission_8,operation system operation assessment assessment cyber security response response threat system assessment security response response system threat cyber operation incident incident intel threat intel response,FFIRs_Friction_Points_Recommendations.csv,Summary,3,Summary,5d6e5a98-56fb-4998-981f-db918d04e193,7
Mission_8,intel response system threat system intel operation security cyber incident security,FFIRs_Friction_Points_Recommendations.csv,Summary,4,Summary,11741eac-b688-4b68-add6-19804cf537e1,7
Mission_9,threat assessment threat response intel system security threat network operation intel assessment network response threat cyber network network threat incident cyber assessment cyber response incident,FFIRs_Friction_Points_Recommendations.csv,FFIR,1,FFIR,15a649da-b118-4a68-9939-268708916bfa,8
Mission_9,response incident security network system threat system threat threat response assessment cyber incident incident assessment assessment security security response network incident operation operation system network,FFIRs_Friction_Points_Recommendations.csv,FFIR,2,FFIR,48cab337-df44-4d73-b512-a59928fe19f2,8
Mission_9,system network assessment intel threat incident cyber cyber threat operation network threat security network network response assessment system system intel intel operation security assessment operation,FFIRs_Friction_Points_Recommendations.csv,FFIR,3,FFIR,49ee45b1-39f1-4302-b660-28285bd77ce8,8
Mission_9,assessment operation cyber network intel response response response system incident system,FFIRs_Friction_Points_Recommendations.csv,FFIR,4,FFIR,3f4cbdcb-9a3e-4a6d-a20c-0773fb0cd81b,8
Mission_9,cyber security cyber system network incident cyber operation incident security security assessment system system system incident security cyber incident cyber cyber operation network security response,FFIRs_Friction_Points_Recommendations.csv,Friction_Point,1,Friction_Point,602546b9-c2cf-48e8-bef4-0f3a16c0d260,8
Mission_9,security response intel assessment intel response assessment assessment operation security threat response security threat security system assessment incident intel cyber intel assessment incident operation threat,FFIRs_Friction_Points_Recommendations.csv,Friction_Point,2,Friction_Point,a130cc02-14bb-4e00-b0f5-fc14c58cb460,8
Mission_9,operation threat threat security response response intel assessment assessment incident operation intel threat system security security assessment response security network security incident assessment security system,FFIRs_Friction_Points_Recommendations.csv,Friction_Point,3,Friction_Point,94a3ba01-cfc6-4164-8106-7bdc6cbf4024,8
Mission_9,security system system operation cyber system threat response intel operation incident,FFIRs_Friction_Points_Recommendations.csv,Friction_Point,4,Friction_Point,979dc78b-2cf6-402f-a3eb-06157e8c1f9a,8
Mission_9,intel response intel incident response cyber threat assessment assessment response network cyber intel threat response threat operation response security intel response assessment operation response intel,FFIRs_Friction_Points_Recommendations.csv,Recommendation,1,Recommendation,252f9f91-6a03-485a-b696-0b3da4fcf13d,8
Mission_9,response intel incident threat security assessment threat assessment operation cyber operation response threat threat cyber operation security assessment response system threat security response incident security,FFIRs_Friction_Points_Recommendations.csv,Recommendation,2,Recommendation,56b5e118-f6a6-4a59-a5e7-1516a41bc2d0,8
Mission_9,incident security threat intel response assessment incident response intel incident assessment assessment intel threat network threat network incident cyber intel assessment intel operation assessment response,FFIRs_Friction_Points_Recommendations.csv,Recommendation,3,Recommendation,841106c4-ade3-4616-beba-178989aa084c,8
Mission_9,assessment response cyber operation operation network security cyber response response cyber,FFIRs_Friction_Points_Recommendations.csv,Recommendation,4,Recommendation,89ebc325-4acc-47bd-b148-71b326d290a7,8
Mission_9,network operation response intel assessment response threat intel assessment incident operation intel assessment response intel intel assessment network operation response incident security operation security intel,FFIRs_Friction_Points_Recommendations.csv,Observation,1,Observation,901960f2-9388-47f6-ae36-9eb6aafe181e,8
Mission_9,security intel response threat response response security network threat intel intel cyber response operation assessment operation intel operation security system cyber threat cyber threat intel,FFIRs_Friction_Points_Recommendations.csv,Observation,2,Observation,90d8f750-0536-4f5b-8cc6-80de0a87c040,8
Mission_9,threat intel system security security operation cyber assessment cyber response cyber incident network intel network assessment assessment response network intel response incident cyber response incident,FFIRs_Friction_Points_Recommendations.csv,Observation,3,Observation,1225b76a-bbe0-4700-9cc7-4385bc5d18ff,8
Mission_9,response incident incident response threat incident assessment intel security intel system,FFIRs_Friction_Points_Recommendations.csv,Observation,4,Observation,15480e1b-5b25-451c-bb27-b62d8bfbd402,8
Mission_9,response intel assessment incident incident operation incident network network threat response intel assessment system threat assessment threat incident system threat network incident operation system system,FFIRs_Friction_Points_Recommendations.csv,Action_Item,1,Action_Item,3dd1478e-53d1-451c-90b8-0ffdfc71341a,8
Mission_9,system system cyber operation cyber response response response network threat assessment system assessment intel assessment threat operation threat intel network operation cyber network intel incident,FFIRs_Friction_Points_Recommendations.csv,Action_Item,2,Action_Item,b291c6c8-a37d-402e-8658-f6cf51975e8c,8
Mission_9,intel incident system network operation cyber intel operation cyber intel system cyber response security threat assessment security cyber assessment cyber response intel threat security network,FFIRs_Friction_Points_Recommendations.csv,Action_Item,3,Action_Item,be3c56c6-b294-429b-863b-916a508e5c27,8
Mission_9,security network intel network incident intel system response security threat operation,FFIRs_Friction_Points_Recommendations.csv,Action_Item,4,Action_Item,40e53aa1-6146-42c8-9cdb-9a4abb189bc8,8
Mission_9,response response response incident system assessment intel response incident response response security operation cyber threat security threat network security incident operation intel threat cyber security,FFIRs_Friction_Points_Recommendations.csv,Summary,1,Summary,52bdc5cd-5425-401a-8254-3173fe66c820,8
Mission_9,cyber security system assessment intel incident cyber security cyber security operation network intel threat cyber response cyber assessment cyber network response operation assessment assessment cyber,FFIRs_Friction_Points_Recommendations.csv,Summary,2,Summary,659d851e-d604-440a-93bd-c671d5fbe6cd,8
Mission_9,assessment cyber response cyber intel intel cyber security incident incident operation threat operation threat response response operation cyber incident network incident security operation intel threat,FFIRs_Friction_Points_Recommendations.csv,Summary,3,Summary,1f24522a-72c5-4810-a2be-f725c20b7817,8
Mission_9,intel threat assessment security intel security intel incident system security assessment,FFIRs_Friction_Points_Recommendations.csv,Summary,4,Summary,97820820-bf6b-44f7-9d96-dd903aa77350,8
Mission_10,security threat threat security system threat intel operation intel system incident assessment cyber operation network intel operation response incident security system assessment operation response cyber,FFIRs_Friction_Points_Recommendations.csv,FFIR,1,FFIR,1faff318-c27b-4371-8065-9fd27b972247,9
Mission_10,response cyber response incident cyber operation system system security system cyber response intel security incident incident security cyber network intel intel system security network system,FFIRs_Friction_Points_Recommendations.csv,FFIR,2,FFIR,926576d0-7563-43a8-a0fe-d64c702265b1,9
Mission_10,network system incident threat intel security threat operation incident threat incident intel cyber assessment threat intel response incident security incident security security cyber response response,FFIRs_Friction_Points_Recommendations.csv,FFIR,3,FFIR,857d6ea1-542c-43b8-82da-aa80f956612f,9
Mission_10,response response operation security security intel intel security operation cyber intel,FFIRs_Friction_Points_Recommendations.csv,FFIR,4,FFIR,3cda089b-5321-4af1-8817-ff630f639db1,9
Mission_10,operation cyber incident security assessment intel incident incident operation operation operation operation assessment network intel incident system cyber incident incident threat intel assessment response incident,FFIRs_Friction_Points_Recommendations.csv,Friction_Point,1,Friction_Point,34203596-53fb-4b2e-96bb-8817651a50af,9
Mission_10,response incident network intel assessment operation system assessment operation assessment threat security network network response security threat cyber assessment system assessment network response cyber threat,FFIRs_Friction_Points_Recommendations.csv,Friction_Point,2,Friction_Point,34bb6da7-7b0b-470e-a84c-2d71e0db6d24,9
Mission_10,cyber threat security network assessment intel incident threat cyber threat assessment response response response assessment operation response intel security threat network security system threat operation,FFIRs_Friction_Points_Recommendations.csv,Friction_Point,3,Friction_Point,fbd59dea-ac1e-427e-b8dc-ad1e7c3f7ca6,9
Mission_10,threat operation network threat response incident intel incident network threat threat,FFIRs_Friction_Points_Recommendations.csv,Friction_Point,4,Friction_Point,91cd6f73-5160-47a5-8701-5d541dce0000,9
Mission_10,threat network assessment threat security operation assessment threat threat operation security response threat threat incident assessment security network system incident incident security network security incident,FFIRs_Friction_Points_Recommendations.csv,Recommendation,1,Recommendation,07c9d5c4-3b99-4c2e-9df0-f2ac2b24e234,9
Mission_10,security incident security network incident assessment threat cyber network response network response operation incident operation operation security incident network threat system system operation threat incident,FFIRs_Friction_Points_Recommendations.csv,Recommendation,2,Recommendation,aba19355-c684-4f78-853b-c66759735262,9
Mission_10,threat incident assessment operation intel network system cyber incident assessment operation response system intel intel assessment intel incident incident assessment cyber intel network network system,FFIRs_Friction_Points_Recommendations.csv,Recommendation,3,Recommendation,c0a53e35-a828-4bae-b276-7ee56c368d64,9
Mission_10,network system threat security cyber threat intel threat system system threat,FFIRs_Friction_Points_Recommendations.csv,Recommendation,4,Recommendation,58776b1e-a6f2-46fb-ba04-90c24bd26225,9
Mission_10,intel cyber response intel incident security security operation intel network operation response threat threat intel cyber intel security operation intel incident network response operation security,FFIRs_Friction_Points_Recommendations.csv,Observation,1,Observation,9828c5ad-1e9f-496f-8e33-e6c7f81f4119,9
Mission_10,operation security intel intel operation security operation security assessment intel security intel cyber security cyber system network system security security response system intel system operation,FFIRs_Friction_Points_Recommendations.csv,Observation,2,Observation,16c0d369-58b7-4d73-82ea-9e1ec801c370,9
Mission_10,system operation cyber cyber intel response assessment assessment incident security cyber incident assessment threat network incident response network operation system threat assessment system assessment system,FFIRs_Friction_Points_Recommendations.csv,Observation,3,Observation,1e91bc01-42dc-422f-847c-7635ecb98b7b,9
Mission_10,assessment system network intel response incident network incident response cyber cyber,FFIRs_Friction_Points_Recommendations.csv,Observation,4,Observation,e7dcdf0b-67db-4d6b-8ff2-c65c7ed2584d,9
Mission_10,assessment assessment threat operation response network system intel operation system response intel threat system security incident incident response system assessment assessment assessment incident cyber threat,FFIRs_Friction_Points_Recommendations.csv,Action_Item,1,Action_Item,8539390e-468e-4538-9c2f-567f889326e6,9
Mission_10,cyber threat intel cyber response operation response response incident assessment network threat network security assessment incident security response security assessment threat incident network response threat,FFIRs_Friction_Points_Recommendations.csv,Action_Item,2,Action_Item,45bb5e4e-1700-4a25-a24b-4bba1b0bb885,9
Mission_10,response threat response assessment intel intel threat response intel assessment security security cyber operation incident intel incident security threat assessment cyber network threat response intel,FFIRs_Friction_Points_Recommendations.csv,Action_Item,3,Action_Item,ca0d8f5d-698d-4cc9-bda9-9482caca6faf,9
Mission_10,response intel security security system response threat response intel system network,FFIRs_Friction_Points_Recommendations.csv,Action_Item,4,Action_Item,ec01ebf9-9b9b-4d78-b8f9-0c5768657fa6,9
Mission_10,intel operation assessment operation system assessment network response security response response threat system incident assessment security incident response cyber operation network response response system incident,FFIRs_Friction_Points_Recommendations.csv,Summary,1,Summary,e1027672-6965-43ed-bc9c-dc878ce1a02c,9
Mission_10,system incident network assessment cyber operation cyber response assessment intel operation intel assessment operation system assessment system incident incident threat intel response network network intel,FFIRs_Friction_Points_Recommendations.csv,Summary,2,Summary,44c24d9a-0a60-40d1-bbec-ec12613216f4,9
Mission_10,network intel network cyber network response network operation network network system operation threat response security incident intel operation intel system network cyber system cyber security,FFIRs_Friction_Points_Recommendations.csv,Summary,3,Summary,267d5b24-acae-48a4-8ff3-6ef1b3b9be7e,9
Mission_10,cyber security system assessment threat system assessment operation assessment intel cyber,FFIRs_Friction_Points_Recommendations.csv,Summary,4,Summary,887e159b-c35f-4747-bd72-c18df1fb6d24,9
